﻿{
  "programs": [
    {
      "mode": 3,
      "name": "start",
      "nodes": [
        {
          "start": 165,
          "end": 1238,
          "isCollapsed": false
        },
        {
          "start": 274,
          "end": 390,
          "isCollapsed": false
        },
        {
          "start": 396,
          "end": 901,
          "isCollapsed": false
        },
        {
          "start": 468,
          "end": 616,
          "isCollapsed": false
        },
        {
          "start": 632,
          "end": 764,
          "isCollapsed": false
        },
        {
          "start": 778,
          "end": 865,
          "isCollapsed": false
        },
        {
          "start": 943,
          "end": 1090,
          "isCollapsed": false
        },
        {
          "start": 1096,
          "end": 1227,
          "isCollapsed": false
        }
      ]
    }
  ]
}