﻿{
  "programs": [
    {
      "mode": 3,
      "name": "socketTransfer",
      "nodes": [
        {
          "start": 163,
          "end": 789,
          "isCollapsed": false
        },
        {
          "start": 248,
          "end": 365,
          "isCollapsed": false
        },
        {
          "start": 371,
          "end": 778,
          "isCollapsed": false
        },
        {
          "start": 481,
          "end": 748,
          "isCollapsed": false
        },
        {
          "start": 637,
          "end": 736,
          "isCollapsed": false
        }
      ]
    }
  ]
}