﻿{
  "programs": [
    {
      "mode": 3,
      "name": "stop",
      "nodes": []
    },
    {
      "mode": 3,
      "name": "mainApp",
      "nodes": [
        {
          "start": 534,
          "end": 2902,
          "isCollapsed": false
        },
        {
          "start": 630,
          "end": 862,
          "isCollapsed": false
        },
        {
          "start": 927,
          "end": 2891,
          "isCollapsed": false
        },
        {
          "start": 969,
          "end": 2864,
          "isCollapsed": false
        },
        {
          "start": 1079,
          "end": 1514,
          "isCollapsed": false
        },
        {
          "start": 1551,
          "end": 1986,
          "isCollapsed": false
        },
        {
          "start": 2048,
          "end": 2396,
          "isCollapsed": false
        },
        {
          "start": 2458,
          "end": 2804,
          "isCollapsed": false
        },
        {
          "start": 2811,
          "end": 2852,
          "isCollapsed": false
        }
      ]
    },
    {
      "mode": 3,
      "name": "ButtonsApp",
      "nodes": [
        {
          "start": 526,
          "end": 2327,
          "isCollapsed": false
        },
        {
          "start": 580,
          "end": 1016,
          "isCollapsed": false
        },
        {
          "start": 1050,
          "end": 1486,
          "isCollapsed": false
        },
        {
          "start": 1545,
          "end": 1902,
          "isCollapsed": false
        },
        {
          "start": 1961,
          "end": 2316,
          "isCollapsed": false
        }
      ]
    },
    {
      "mode": 3,
      "name": "start",
      "nodes": [
        {
          "start": 1271,
          "end": 1345,
          "isCollapsed": false
        },
        {
          "start": 1311,
          "end": 1337,
          "isCollapsed": false
        }
      ]
    }
  ]
}