<?xml version="1.0" encoding="ISO-8859-1" standalone="yes"?>
<TOPICSLIST><TOPIC Name="DATABASE" Card="0" Channel="0" Equipment="0" RefreshPeriod="200" Actif="1"><MODULE Tag_name_root="" IDModule="BOOLEAN" InputSize="" OutputSize="3"/><MODULE Tag_name_root="" IDModule="WORD" InputSize="" OutputSize="432"><ITEM Name="instructionio" Syntaxe="%QW0" Offset="0"/><ITEM Name="speedio" Syntaxe="%QW1" Offset="1"/><ITEM Name="statusio" Syntaxe="%QW2" Offset="2"/><ITEM Name="coord0" Syntaxe="%QF3" Offset="3"/><ITEM Name="coord1" Syntaxe="%QF5" Offset="5"/><ITEM Name="coord2" Syntaxe="%QF7" Offset="7"/><ITEM Name="coord3" Syntaxe="%QF9" Offset="9"/><ITEM Name="coord4" Syntaxe="%QF11" Offset="11"/><ITEM Name="coord5" Syntaxe="%QF13" Offset="13"/><ITEM Name="pos0" Syntaxe="%QF15" Offset="15"/><ITEM Name="pos1" Syntaxe="%QF17" Offset="17"/><ITEM Name="pos2" Syntaxe="%QF19" Offset="19"/><ITEM Name="pos3" Syntaxe="%QF21" Offset="21"/><ITEM Name="pos4" Syntaxe="%QF23" Offset="23"/><ITEM Name="pos5" Syntaxe="%QF25" Offset="25"/></MODULE></TOPIC><GENERAL_PARAMETERS TopicName="DATABASE" TCP_Port="502" ConnectionNumber="1"/></TOPICSLIST>
