﻿{
  "programs": [
    {
      "mode": 3,
      "name": "stop",
      "nodes": []
    },
    {
      "mode": 3,
      "name": "start",
      "nodes": [
        {
          "start": 1053,
          "end": 1136,
          "isCollapsed": false
        },
        {
          "start": 1098,
          "end": 1128,
          "isCollapsed": false
        }
      ]
    },
    {
      "mode": 3,
      "name": "provesSocket",
      "nodes": [
        {
          "start": 531,
          "end": 2103,
          "isCollapsed": false
        },
        {
          "start": 632,
          "end": 817,
          "isCollapsed": false
        },
        {
          "start": 822,
          "end": 1776,
          "isCollapsed": false
        },
        {
          "start": 889,
          "end": 1037,
          "isCollapsed": false
        },
        {
          "start": 1044,
          "end": 1185,
          "isCollapsed": false
        },
        {
          "start": 1199,
          "end": 1324,
          "isCollapsed": false
        },
        {
          "start": 1338,
          "end": 1463,
          "isCollapsed": false
        },
        {
          "start": 1477,
          "end": 1602,
          "isCollapsed": false
        },
        {
          "start": 1616,
          "end": 1749,
          "isCollapsed": false
        },
        {
          "start": 1817,
          "end": 1960,
          "isCollapsed": false
        },
        {
          "start": 1965,
          "end": 2092,
          "isCollapsed": false
        }
      ]
    },
    {
      "mode": 3,
      "name": "provesMoviment",
      "nodes": [
        {
          "start": 527,
          "end": 3046,
          "isCollapsed": false
        },
        {
          "start": 637,
          "end": 876,
          "isCollapsed": false
        },
        {
          "start": 948,
          "end": 3035,
          "isCollapsed": true
        },
        {
          "start": 991,
          "end": 3008,
          "isCollapsed": true
        },
        {
          "start": 1104,
          "end": 1574,
          "isCollapsed": true
        },
        {
          "start": 1620,
          "end": 2089,
          "isCollapsed": true
        },
        {
          "start": 2160,
          "end": 2517,
          "isCollapsed": true
        },
        {
          "start": 2588,
          "end": 2929,
          "isCollapsed": true
        },
        {
          "start": 2943,
          "end": 2987,
          "isCollapsed": false
        }
      ]
    }
  ]
}